[
    {
        "ID": "0001",
        "ten": "Nguyen Van A"
    },
    {
        "ID": "0002",
        "ten": "Nguyen Thi B"
    },
    {
        "ID": "0003",
        "ten": "Pham Quoc C"
    },
    {
        "ID": "0004",
        "ten": "Tran Thi D"
    },
    {
        "ID": "0005",
        "ten": "Le Minh E"
    },
    {
        "ID": "0007",
        "ten": "Pham Quoc G"
    },
    {
        "ID": "0008",
        "ten": "Tran Thi H"
    },
    {
        "ID": "0009",
        "ten": "Le Minh I"
    },
    {
        "ID": "0010",
        "ten": "Nguyen Thi J"
    },
    {
        "ID": "0011",
        "ten": "Nguyen Thi Thanh Huong"
    }
]